{"cameraMode":{"drawMode":0,"name":"Shaded","section":"Shading Mode"},"sceneLighting":true,"audioPlay":false,"sceneViewState":{"m_AlwaysRefresh":false,"showFog":true,"showSkybox":false,"showFlares":true,"showImageEffects":true,"showParticleSystems":true,"showVisualEffectGraphs":true,"m_FxEnabled":true},"in2DMode":false,"pivot":{"x":2.1454763412475588,"y":-0.08656665682792664,"z":-3.46832275390625},"rotation":{"x":0.030041228979825975,"y":-0.7920748591423035,"z":0.03784356638789177,"w":0.6090845465660095},"size":0.3144885003566742,"orthographic":false}